What Is Graylog?,
,What is Graylog Enterprise?
,What is Graylog Cloud?
Planning Your Deployment,
,Planning Your Log Collection
,Deployment Options
,Multi-Node Setup
,Load Balancer Integration
,Frequently Asked Questions
Installing Graylog,
Operating System Packages,
Ubuntu Installation,
Red Hat Installation,
SUSE Installation,
Debian Installation,
Docker,
Installing Graylog Data Node,
Setting up Graylog,
Getting Started,
Initial Configuration Settings,
Graylog Server Configuration,
Data Node Configuration,
Default File Locations,
Connect to the Web Interface,
Custom Themes and Notifications,
Enterprise License Management,
Index Model,
Index Defaults,
Index Time Size Optimizing,
Data Tiering,
Archiving,
Archiving Use Cases,
Instant Archiving in Graylog Cloud,
Indexing and Processing Failures,
Indexer and Processing Failures,
Rest API,
Securing Graylog,
Generating Graylog Certificates and Keys with MS AD CS,
HTTPS,
Securing OpenSearch,
ModSecurity,
The URL Whitelist,
Access Log,
Audit Log,
Audit Log Use Cases,
Permissions Management,
User Authentication,
Single Sign-On,
On-Prem Okta Authentication,
OIDC,
Trusted Header Authentication,
Getting in Logs,
Graylog Inputs,
AWS CloudTrail Input,
AWS Kinesis CloudWatch Input,
AWS Security Lake Input,
Azure Event Hubs Input,
Beats Input,
Secured Graylog and Beats Input,
CEF Inputs,
CrowdStrike Input,
F5 BIG-IP Log Events Input,
GELF,
GELF Inputs,
Google Inputs,
IPFIX Input,
JSON Path from HTTP API Input,
Microsoft Defender for Endpoint Input,
Microsoft Office 365 Input,
NetFlow Input,
Okta Log Events Input,
Palo Alto Networks Input,
Raw or Plaintext Input,
Salesforce Input,
Symantec EDR Events Input,
Symantec SES Events Input,
Syslog Inputs,
Secure Inputs with TLS,
Graylog Cloud Inputs,
Pull Inputs in Graylog Cloud,
Graylog Sidecar,
Install Graylog Sidecar,
Install Sidecar on Linux,
Install Sidecar on Windows,
Set Up Sidecar Collectors,
Ingest Journald,
Ingest Windows Eventlog,
Ingest from Files,
Ingest Application Data,
Getting Started with Graylog Sidecar,
Sidecar in the Cloud,
Forwarder,
Forwarder Installation,
Forwarder Configuration Options,
Cluster-to-Cluster Forwarder,
Log Ingestion Limit Notification,
Searching Your Log Data,
Writing Search Queries,
Search Configuration,
Time Frame Selector,
Saved Searches,
Search Filters,
Message Summary Templates,
Search Scripting API,
Parameters,
Building Streams_ Pipelines_ and Outputs,
Streams,
Stream Connections,
Processing Pipelines,
Rules,
Functions,
Functions Index,
Functions by Category,
Functions Descriptions,
Building Pipeline Rules,
Log Enrichment,
Lookup Tables,
Geolocation,
Data Adapters,
GreyNoise Data Adapter,
ThreatFox IOC Tracker Data Adapter,
URLhaus Malware URL Data Adapter,
Outputs,
Enterprise Output Framework,
Google Cloud BigQuery Output,
TCP Raw Plaintext Output,
TCP Syslog Output,
GELF Outputs,
Visualizing Log Data,
Field Types,
Widgets,
Log View Widget,
Decorators,
Export Search Results,
Export Results as CSV,
Export Results for Graylog Operations,
Dashboards,
Reports and Cluster Support Bundle,
Reporting,
Reporting Use Cases,
Metrics,
Cluster Support Bundle,
Managing Events,
Event Definitions,
Alerts,
Alert Types,
Event Definitions Use Case,
Correlation Engine,
Upgrading Graylog,
OpenSearch,
Moving from Elasticsearch to OpenSearch,
OpenSearch Upgrade Checklist,
Planning Your Upgrade to OpenSearch,
OpenSearch Backup and Restore,
OpenSearch Upgrade Methods,
OpenSearch Impacts to Graylog,
Upgrading to OpenSearch - Installation,
Upgrading to OpenSearch on Debian,
Upgrading to OpenSearch on Red Hat,
OpenSearch Configuration,
Securing OpenSearch,
Upgrading to OpenSearch FAQ,
Upgrading to OpenSearch 2.x,
MongoDB,
Upgrading to MongoDB 5.x and 6.x,
Upgrade Path,
Upgrading Graylog in Docker,
Upgrading Graylog in Ubuntu,
Upgrading Graylog in Debian,
Upgrading Graylog in SUSE,
Upgrading Graylog in Red Hat,
Upgrading to Graylog 6.0.x,
Elasticsearch Reindexing Notes,
Elasticsearch 6 Upgrade Notes,
Elasticsearch 7 Upgrade Notes,
Elasticsearch Rolling Upgrade Notes,
Graylog Security,
Security Interface,
Anomaly Detection,
Anomaly Detectors,
Anomaly Event Message Fields,
Asset Enrichment,
Investigations,
Investigations and Alerts,
Sigma Rules,
Risk Scoring,
Graylog Illuminate,
Graylog API Security,
What More Can Graylog Do for Me?,
Graylog Marketplace,
Content Packs,
Plugins,
API Concepts for Extensions,
Event Notifications Plugins,
Decorators Plugins,
Changelogs,
Graylog Changelog,
Graylog Enterprise Changelog,
Legacy Documentation,
